Gene_or_Protein,nSNPs,COVID_dataset,n_cases,n_controls,MR_estimate,lower_ci,upper_ci,pval,colocalising_SNP,coloc_posterior_probability_H4
ABO,22,covid_vs_lab_selfreported_negative,3523,36634,0.0542048,0.004661684,0.103747916,0.0319992,9:133257521:T:TC,0.0141
ABO,22,covid_vs_population,6696,1073072,0.0873163,0.051216824,0.123415776,2.13E-06,9:133257521:T:TC,0.0141
ABO,21,hospitalized_covid_vs_population,3199,897488,0.119237,0.065045548,0.173428452,1.61E-05,9:133257521:T:TC,0.0141
AHSG,15,covid_vs_lab_selfreported_negative,3523,36634,0.125166,0.03349484,0.21683716,0.00744741,3:186605001:T:C,0.0533
AKR1A1,8,covid_vs_population,6696,1073072,-0.0998744,-0.184951728,-0.014797072,0.0213976,1:45585381:G:A,0.085
AKR1A1,8,hospitalized_covid_vs_population,3199,897488,-0.196515,-0.32377486,-0.06925514,0.00247292,1:45585381:G:A,0.085
APOE,8,covid_vs_lab_selfreported_negative,3523,36634,0.186791,0.018803124,0.354778876,0.0293032,19:44909976:G:T,0.0347
APOE,8,covid_vs_population,6696,1073072,0.144436,0.022277824,0.266594176,0.02048,19:44909976:G:T,0.0347
ASIP,9,very_severe_respiratory_confirmed_covid_vs_population,536,329391,0.310679,0.01510708,0.60625092,0.0393811,20:34077942:A:G,0.0293
ASPN,13,covid_vs_population,6696,1073072,-0.0909759,-0.175555192,-0.006396608,0.0350109,9:92425098:A:T,0.0026
ATP1B2,5,hospitalized_covid_vs_population,3199,897488,-0.222692,-0.42125372,-0.02413028,0.0279351,17:7651454:C:T,0.013
BST1,20,covid_vs_lab_selfreported_negative,3523,36634,-0.0548914,-0.107416264,-0.002366536,0.0405296,4:15713139:G:A,0.0383
C1QC,9,covid_vs_lab_selfreported_negative,3523,36634,-0.107848,-0.210485948,-0.005210052,0.0394476,1:22617716:G:A,0.0243
C1RL,7,covid_vs_population,6696,1073072,-0.103142,-0.200158276,-0.006125724,0.0371829,12:7097267:A:G,0.0496
CBLN4,5,covid_vs_population,6696,1073072,0.165434,0.024865152,0.306002848,0.0210713,20:55872891:C:T,0.1341
CD209,6,covid_vs_lab_selfreported_negative,3523,36634,0.247683,0.076225532,0.419140468,0.00463489,19:7716791:T:TTCTGGGGGC,0.0318
CD209,6,covid_vs_population,6696,1073072,0.154622,0.033100824,0.276143176,0.0126356,19:7716791:T:TTCTGGGGGC,0.0318
CHI3L1,19,hospitalized_covid_vs_not_hospitalized_covid,928,2028,0.188865,0.054160864,0.323569136,0.00599479,1:203181771:C:G,0.1489
CLEC12A,23,very_severe_respiratory_confirmed_covid_vs_population,536,329391,-0.113983,-0.221387668,-0.006578332,0.0375219,12:9984958:A:C,0.0794
CLPS,13,covid_vs_lab_selfreported_negative,3523,36634,0.135115,0.0141144,0.2561156,0.0286243,6:35783795:G:A,0.034
CLPS,13,covid_vs_population,6696,1073072,0.0922797,0.004222192,0.180337208,0.0399776,6:35783795:G:A,0.034
CTRB1,15,hospitalized_covid_vs_not_hospitalized_covid,928,2028,0.280994,0.06033916,0.50164884,0.0125615,16:75221319:A:G,0.0163
CTRB1,13,very_severe_respiratory_confirmed_covid_vs_population,536,329391,-0.247661,-0.44416864,-0.05115336,0.0135028,16:75221319:A:G,0.0163
CXCL16,5,covid_vs_lab_selfreported_negative,3523,36634,-0.26533,-0.46191212,-0.06874788,0.00815856,17:4714806:A:T,0.0039
CXCL16,5,covid_vs_population,6696,1073072,-0.257829,-0.398750256,-0.116907744,0.000335772,17:4714806:A:T,0.0039
CXCL16,5,hospitalized_covid_vs_population,3199,897488,-0.239049,-0.4463288,-0.0317692,0.0237956,17:4714806:A:T,0.0039
DPT,10,hospitalized_covid_vs_population,3199,897488,-0.133094,-0.256749616,-0.009438384,0.0348932,1:168728523:A:C,0.0035
ENTPD5,5,hospitalized_covid_vs_not_hospitalized_covid,928,2028,0.562229,0.24682188,0.87763612,0.000476188,14:74020818:G:A,0.6607
FAM3B,6,hospitalized_covid_vs_population,3199,897488,0.139394,0.028784536,0.250003464,0.013509,21:41346335:C:T,0.0291
FAM3B,6,very_severe_respiratory_confirmed_covid_vs_population,536,329391,0.290658,0.06940732,0.51190868,0.010028,21:41346335:C:T,0.0291
FAM3B_2,9,very_severe_respiratory_confirmed_covid_vs_population,536,329391,0.18239,0.002126448,0.362653552,0.0473538,21:41346335:C:T,0.0291
FCGR2A,31,covid_vs_lab_selfreported_negative,3523,36634,0.0537325,0.009527836,0.097937164,0.0171974,1:161509955:A:G,0.0221
FCGR2A,31,covid_vs_population,6696,1073072,0.0501239,0.019236456,0.081011344,0.00146937,1:161509955:A:G,0.0221
FCGR2B,32,covid_vs_lab_selfreported_negative,3523,36634,0.0575143,0.01111424,0.10391436,0.0151205,1:161671594:G:A,0.0144
FCGR2B,32,covid_vs_population,6696,1073072,0.0441933,0.009591068,0.078795532,0.0123052,1:161671594:G:A,0.0144
FCGR3B,5,covid_vs_lab_selfreported_negative,3523,36634,-0.150499,-0.300992504,-5.50E-06,0.0499872,1:161538827:A:G,0.0064
FCGR3B,5,covid_vs_population,6696,1073072,-0.139436,-0.241432832,-0.037439168,0.00737428,1:161538827:A:G,0.0064
FCN2,6,covid_vs_population,6696,1073072,0.0919634,0.005313368,0.178613432,0.0375082,9:134860694:A:T,0.0199
FCN2,6,hospitalized_covid_vs_not_hospitalized_covid,928,2028,-0.343888,-0.6544304,-0.0333456,0.0299715,9:134860694:A:T,0.0199
FGF7,6,covid_vs_lab_selfreported_negative,3523,36634,-0.179497,-0.356938936,-0.002055064,0.0474007,15:50072644:T:C,0.2696
FLRT3,7,covid_vs_population,6696,1073072,0.127092,0.031346784,0.222837216,0.00927604,20:14708500:T:C,0.1611
FUT10,9,covid_vs_lab_selfreported_negative,3523,36634,0.12318,0.009367896,0.236992104,0.0338942,8:33473169:A:C,0.0073
FUT10,9,covid_vs_population,6696,1073072,0.087388,0.00906248,0.16571352,0.0287586,8:33473169:A:C,0.0073
FUT5,20,hospitalized_covid_vs_population,3199,897488,-0.0814192,-0.16043562,-0.00240278,0.0434249,19:5830291:G:A,0.0272
FUT8,17,covid_vs_lab_selfreported_negative,3523,36634,-0.085249,-0.153032268,-0.017465732,0.0137,14:65330128:G:C,0.0623
GDF15,16,covid_vs_lab_selfreported_negative,3523,36634,-0.105881,-0.196708576,-0.015053424,0.0223225,19:18392384:C:T,0.079
GDF15,16,covid_vs_population,6696,1073072,-0.0994912,-0.165318584,-0.033663816,0.00305315,19:18392384:C:T,0.079
GDF15,15,very_severe_respiratory_confirmed_covid_vs_population,536,329391,-0.2568,-0.47372496,-0.03987504,0.0203252,19:18392384:C:T,0.079
GFRA2,8,hospitalized_covid_vs_not_hospitalized_covid,928,2028,-0.302766,-0.5973442,-0.0081878,0.0439594,8:21693256:A:C,0.0207
GFRAL,5,covid_vs_population,6696,1073072,0.196865,0.043053216,0.350676784,0.0121204,6:55392984:A:C,0.0155
GLTPD2,5,covid_vs_population,6696,1073072,-0.149712,-0.29087904,-0.00854496,0.0376509,17:4781933:G:A,0.0137
GSTO1,28,covid_vs_population,6696,1073072,0.0532227,0.00815054,0.09829486,0.020644,10:104260640:A:C,0.0101
H6PD,10,very_severe_respiratory_confirmed_covid_vs_population,536,329391,-0.29102,-0.49003056,-0.09200944,0.00415449,1:9245386:A:C,0.0176
HAVCR2,7,hospitalized_covid_vs_population,3199,897488,0.117491,0.007389372,0.227592628,0.0364791,5:157105355:C:A,0.0239
HAVCR2,7,very_severe_respiratory_confirmed_covid_vs_population,536,329391,0.396378,0.15877308,0.63398292,0.00107652,5:157105355:C:A,0.0239
HBZ,21,very_severe_respiratory_confirmed_covid_vs_population,536,329391,-0.169552,-0.306671836,-0.032432164,0.0153681,16:153255:A:G,0.0186
HPGDS,9,very_severe_respiratory_confirmed_covid_vs_population,536,329391,0.343661,0.08293592,0.60438608,0.00978117,4:94345053:A:G,0.0628
IL15RA,13,covid_vs_lab_selfreported_negative,3523,36634,-0.0914755,-0.182822476,-0.000128524,0.0496744,10:5974929:A:G,0.003
IL17RA,14,covid_vs_population,6696,1073072,-0.0708857,-0.121308856,-0.020462544,0.00586206,22:17105825:ATCAC:A,0.0038
IL17RA,12,hospitalized_covid_vs_population,3199,897488,-0.0832932,-0.161607156,-0.004979244,0.0371043,22:17105825:ATCAC:A,0.0038
IL1RAP,16,covid_vs_population,6696,1073072,0.0445516,0.002743428,0.086359772,0.0367428,3:190628271:A:G,0.0081
IL1RAP,19,hospitalized_covid_vs_not_hospitalized_covid,928,2028,-0.158817,-0.293327684,-0.024306316,0.0206579,3:190628271:A:G,0.0081
IL1RAP_2,16,hospitalized_covid_vs_not_hospitalized_covid,928,2028,-0.145411,-0.286394976,-0.004427024,0.0432233,3:190628271:A:G,0.0081
IL6R,25,covid_vs_population,6696,1073072,-0.0443422,-0.079774884,-0.008909516,0.0141735,1:154452980:G:A,0.0173
IL6R,24,hospitalized_covid_vs_not_hospitalized_covid,928,2028,-0.167854,-0.295137576,-0.040570424,0.00974559,1:154452980:G:A,0.0173
IL6R_2,24,hospitalized_covid_vs_not_hospitalized_covid,928,2028,-0.151296,-0.27826578,-0.02432622,0.0195166,1:154452980:G:A,0.0173
IL6R,24,hospitalized_covid_vs_population,3199,897488,-0.0563979,-0.111271432,-0.001524368,0.0439627,1:154452980:G:A,0.0173
KLK7,5,hospitalized_covid_vs_population,3199,897488,0.170813,0.008750792,0.332875208,0.0388437,19:50981649:A:G,0.0155
KYNU,6,covid_vs_lab_selfreported_negative,3523,36634,-0.148863,-0.293187992,-0.004538008,0.043215,2:143043636:C:A,0.0608
KYNU,6,covid_vs_population,6696,1073072,-0.132701,-0.244238524,-0.021163476,0.019706,2:143043636:C:A,0.0608
LCT,26,hospitalized_covid_vs_not_hospitalized_covid,928,2028,-0.273265,-0.48850632,-0.05802368,0.0128332,2:135736616:G:A,0.0237
LCT,27,hospitalized_covid_vs_population,3199,897488,-0.085789,-0.162674508,-0.008903492,0.0287444,2:135736616:G:A,0.0237
LCT,25,very_severe_respiratory_confirmed_covid_vs_population,536,329391,-0.179341,-0.334659044,-0.024022956,0.0236261,2:135736616:G:A,0.0237
NFASC,17,covid_vs_lab_selfreported_negative,3523,36634,-0.125384,-0.214936792,-0.035831208,0.00606534,1:204979531:A:G,0.0288
PATE4,6,very_severe_respiratory_confirmed_covid_vs_population,536,329391,0.410322,0.11656112,0.70408288,0.00618696,11:125828759:T:A,0.2127
PCSK1,23,hospitalized_covid_vs_not_hospitalized_covid,928,2028,0.215997,0.070084604,0.361909396,0.00371467,5:96393702:G:A,0.3021
PENK,10,covid_vs_lab_selfreported_negative,3523,36634,0.180356,0.07435234,0.28635966,0.000853707,8:56464222:C:T,0.0445
PENK,10,covid_vs_population,6696,1073072,0.0914782,0.015114052,0.167842348,0.0188785,8:56464222:C:T,0.0445
PENK,9,very_severe_respiratory_confirmed_covid_vs_population,536,329391,-0.282248,-0.54129532,-0.02320068,0.0327168,8:56464222:C:T,0.0445
PLXNB2,16,hospitalized_covid_vs_not_hospitalized_covid,928,2028,-0.277612,-0.54414652,-0.01107748,0.0412059,22:50289363:T:C,0.0375
PSAPL1,8,hospitalized_covid_vs_population,3199,897488,-0.162111,-0.291437092,-0.032784908,0.0140155,4:7432729:A:G,0.2839
RARRES1,13,hospitalized_covid_vs_population,3199,897488,-0.0650488,-0.12619002,-0.00390758,0.0370455,3:158738372:G:A,0.0219
RARRES1,12,very_severe_respiratory_confirmed_covid_vs_population,536,329391,-0.151991,-0.282132648,-0.021849352,0.0220755,3:158738372:G:A,0.0219
RTN4R,6,covid_vs_lab_selfreported_negative,3523,36634,0.137211,0.009890968,0.264531032,0.0346631,22:20187330:C:A,0.0803
SAA1,22,very_severe_respiratory_confirmed_covid_vs_population,536,329391,-0.256239,-0.383099608,-0.129378392,7.53E-05,11:18266203:G:C,0.0631
SCG3,10,hospitalized_covid_vs_population,3199,897488,-0.133794,-0.25994744,-0.00764056,0.0376438,15:51672668:T:C,0.0237
SELL,6,very_severe_respiratory_confirmed_covid_vs_population,536,329391,-0.241974,-0.48011008,-0.00383792,0.0464158,1:169696410:G:T,0.0454
SIGLEC9,18,covid_vs_population,6696,1073072,0.0370193,0.00317598,0.07086262,0.0320384,19:51125272:A:G,0.0321
SMPDL3A,11,very_severe_respiratory_confirmed_covid_vs_population,536,329391,0.195625,0.020824164,0.370425836,0.0282718,6:122801319:C:T,0.0318
SVEP1,5,very_severe_respiratory_confirmed_covid_vs_population,536,329391,-0.291294,-0.56068816,-0.02189984,0.0340623,9:110549951:G:C,0.0195
TPSB2,24,very_severe_respiratory_confirmed_covid_vs_population,536,329391,-0.137309,-0.267402236,-0.007215764,0.0385725,16:1244024:A:G,0.0278
VIT,6,hospitalized_covid_vs_not_hospitalized_covid,928,2028,0.540719,0.20270916,0.87872884,0.00171601,2:36705350:A:T,0.0668
XCL1,5,covid_vs_lab_selfreported_negative,3523,36634,0.171856,0.00758056,0.33613144,0.0403208,1:168534148:C:T,0.0463